sample_id,gene,chromosome,position,ref_allele,alt_allele,mutation_type,variant_allele_frequency,read_depth,clinical_significance
SMP001,IDH1,9,65747657,A,C,Nonsense,0.147,289,Benign
SMP002,PTEN,2,8008630,A,T,Missense,0.224,1114,Benign
SMP003,EGFR,X,174462024,A,T,Inframe_Del,0.544,531,Likely_benign
SMP004,BRCA2,X,113454689,G,A,Silent,0.282,520,VUS
SMP005,PTEN,4,96372792,A,C,Inframe_Ins,0.347,621,Pathogenic
SMP006,BRCA1,13,21162766,T,G,Splice_Site,0.297,820,Benign
SMP007,BRCA1,2,177516521,C,T,Nonsense,0.768,243,Likely_pathogenic
SMP008,KRAS,15,170650242,A,G,Inframe_Ins,0.368,838,VUS
SMP009,KRAS,X,183498429,C,T,Inframe_Del,0.080,430,Benign
SMP010,APC,13,72473567,C,A,Inframe_Del,0.684,529,VUS
SMP011,TP53,11,107696853,A,C,Silent,0.075,724,Likely_pathogenic
SMP012,NRAS,15,38361800,T,C,Silent,0.147,1183,VUS
SMP013,PTEN,12,58883467,T,G,Nonsense,0.509,266,Pathogenic
SMP014,NRAS,6,212632184,A,C,Inframe_Del,0.424,210,Likely_benign
SMP015,APC,17,67498462,T,G,Splice_Site,0.854,103,Pathogenic
SMP016,PIK3CA,4,78795840,G,T,Frameshift,0.165,86,VUS
SMP017,BRCA1,21,80123162,C,T,Inframe_Ins,0.636,487,Likely_pathogenic
SMP018,BRAF,17,246566221,G,A,Missense,0.597,1080,Pathogenic
SMP019,KRAS,8,15559169,A,G,Nonsense,0.870,241,Pathogenic
SMP020,BRAF,5,34474821,T,A,Inframe_Del,0.476,418,VUS
SMP021,BRAF,Y,185194933,T,A,Nonsense,0.709,897,VUS
SMP022,APC,4,66556657,T,G,Nonsense,0.073,123,Benign
SMP023,EGFR,1,19067061,C,T,Inframe_Del,0.628,548,Pathogenic
SMP024,BRCA1,17,63898882,A,G,Silent,0.666,518,Benign
SMP025,ALK,19,126891663,C,T,Nonsense,0.779,913,Likely_pathogenic
SMP026,NRAS,14,95116029,A,C,Frameshift,0.413,190,Pathogenic
SMP027,IDH1,11,214917415,A,G,Inframe_Ins,0.117,472,Likely_pathogenic
SMP028,PTEN,6,74781393,T,A,Frameshift,0.255,234,Likely_benign
SMP029,NRAS,18,224429447,A,C,Missense,0.960,564,Likely_pathogenic
SMP030,APC,7,232112823,T,C,Frameshift,0.894,417,Likely_benign
SMP031,KRAS,15,76581007,A,G,Frameshift,0.693,1076,Likely_pathogenic
SMP032,EGFR,2,155482524,C,G,Inframe_Del,0.541,722,Pathogenic
SMP033,APC,17,246806102,A,T,Inframe_Ins,0.531,196,Benign
SMP034,BRCA1,20,18253105,A,C,Inframe_Del,0.855,906,Pathogenic
SMP035,ALK,2,166273958,C,T,Missense,0.421,1150,VUS
SMP036,NRAS,X,84348089,G,A,Nonsense,0.270,348,VUS
SMP037,BRCA1,1,123030082,T,C,Splice_Site,0.988,284,Pathogenic
SMP038,KRAS,5,93696345,C,T,Missense,0.872,836,VUS
SMP039,BRAF,X,81216326,C,G,Splice_Site,0.974,1163,Pathogenic
SMP040,BRCA1,5,71002030,G,T,Missense,0.882,398,VUS
SMP041,EGFR,X,92051226,G,T,Nonsense,0.684,620,Benign
SMP042,TP53,3,170274434,T,C,Frameshift,0.823,170,Pathogenic
SMP043,NRAS,9,43384331,G,A,Inframe_Del,0.443,955,Benign
SMP044,BRCA1,X,242656478,A,C,Nonsense,0.545,836,Benign
SMP045,BRCA2,2,82757470,C,G,Silent,0.891,161,VUS
SMP046,EGFR,22,27603452,C,T,Silent,0.775,912,Benign
SMP047,BRCA2,6,236613361,C,A,Frameshift,0.034,760,Likely_benign
SMP048,BRCA2,X,29026698,C,G,Frameshift,0.865,1043,Likely_pathogenic
SMP049,PIK3CA,10,220271057,C,G,Inframe_Ins,0.864,536,Pathogenic
SMP050,PIK3CA,9,232032976,C,G,Missense,0.958,651,VUS
SMP051,BRAF,11,7418963,T,G,Missense,0.869,614,Likely_pathogenic
SMP052,BRCA1,20,116662320,G,A,Silent,0.724,722,Likely_benign
SMP053,ALK,7,68386552,A,G,Missense,0.705,83,Benign
SMP054,PTEN,3,178314945,C,G,Silent,0.621,335,VUS
SMP055,PTEN,11,108028531,G,T,Inframe_Del,0.300,340,Likely_pathogenic
SMP056,PTEN,22,200835840,T,G,Nonsense,0.613,696,Likely_benign
SMP057,KRAS,7,115407220,A,G,Inframe_Ins,0.578,739,Likely_benign
SMP058,NRAS,7,137227224,T,C,Frameshift,0.788,427,Pathogenic
SMP059,NRAS,21,166241556,G,T,Silent,0.102,561,VUS
SMP060,BRCA2,1,12415401,C,A,Nonsense,0.974,229,Likely_benign
SMP061,ALK,7,192839512,T,G,Inframe_Del,0.386,898,Likely_pathogenic
SMP062,IDH1,1,239631546,C,T,Inframe_Ins,0.853,298,Likely_benign
SMP063,IDH1,17,124711661,C,A,Missense,0.556,328,Likely_benign
SMP064,NRAS,17,150045365,C,G,Splice_Site,0.321,986,Benign
SMP065,APC,6,199633487,T,G,Inframe_Ins,0.475,610,Likely_pathogenic
SMP066,APC,21,64232073,G,T,Silent,0.441,665,Likely_pathogenic
SMP067,PIK3CA,18,21639900,G,C,Nonsense,0.158,864,Likely_pathogenic
SMP068,PTEN,14,88830296,C,A,Splice_Site,0.467,207,Likely_pathogenic
SMP069,ALK,X,5253068,T,C,Inframe_Ins,0.873,859,Likely_benign
SMP070,KRAS,13,229105689,A,G,Inframe_Ins,0.421,1198,Benign
SMP071,EGFR,9,117003829,C,G,Frameshift,0.038,768,Likely_benign
SMP072,BRCA2,20,143387721,C,G,Missense,0.899,135,Pathogenic
SMP073,APC,6,13508178,T,A,Silent,0.382,513,Likely_benign
SMP074,PTEN,9,201876099,G,C,Inframe_Ins,0.423,247,Likely_benign
SMP075,BRAF,2,93951764,A,T,Nonsense,0.647,162,Pathogenic
SMP076,TP53,20,40914824,C,A,Nonsense,0.134,314,Benign
SMP077,IDH1,9,205872641,C,G,Silent,0.174,314,Likely_pathogenic
SMP078,ALK,1,249356251,G,A,Silent,0.574,848,Likely_benign
SMP079,ALK,X,222964874,C,A,Inframe_Del,0.248,697,Benign
SMP080,TP53,12,143017713,A,T,Frameshift,0.658,221,Benign
SMP081,PTEN,16,28340374,G,A,Frameshift,0.952,1021,Likely_pathogenic
SMP082,IDH1,17,174615833,T,A,Silent,0.614,1182,Likely_benign
SMP083,IDH1,19,72056879,T,C,Silent,0.845,257,VUS
SMP084,APC,19,163844669,T,A,Inframe_Del,0.381,138,Likely_benign
SMP085,APC,7,95257600,G,A,Inframe_Ins,0.263,652,Benign
SMP086,TP53,17,51296319,G,T,Missense,0.247,912,Likely_benign
SMP087,APC,21,191093740,C,T,Frameshift,0.449,115,Pathogenic
SMP088,PTEN,X,65321732,G,A,Silent,0.661,835,Likely_benign
SMP089,IDH1,18,88806113,G,C,Silent,0.699,634,VUS
SMP090,BRCA1,Y,51706452,G,A,Silent,0.127,1177,Likely_pathogenic
SMP091,IDH1,16,74232303,C,A,Inframe_Del,0.588,1154,Benign
SMP092,EGFR,10,61074547,G,A,Silent,0.186,108,Benign
SMP093,TP53,2,148551166,C,G,Silent,0.693,338,Likely_benign
SMP094,ALK,10,126012782,A,C,Frameshift,0.442,457,Pathogenic
SMP095,BRCA1,3,107574084,G,C,Frameshift,0.083,189,Likely_pathogenic
SMP096,KRAS,3,66633252,C,T,Missense,0.557,932,Benign
SMP097,PTEN,15,243884787,C,T,Frameshift,0.301,958,VUS
SMP098,IDH1,4,204755682,A,T,Nonsense,0.623,621,Pathogenic
SMP099,BRCA2,18,20160073,C,A,Nonsense,0.013,1002,Benign
SMP100,TP53,8,77347566,T,C,Inframe_Del,0.287,1009,Pathogenic
